{"cameraMode":{"drawMode":0,"name":"Shaded","section":"Shading Mode"},"sceneLighting":false,"audioPlay":false,"sceneViewState":{"m_AlwaysRefresh":false,"showFog":true,"showSkybox":false,"showFlares":true,"showImageEffects":true,"showParticleSystems":true,"showVisualEffectGraphs":true,"m_FxEnabled":true},"in2DMode":false,"pivot":{"x":4.274450302124023,"y":2.532855987548828,"z":-2.070291757583618},"rotation":{"x":0.00026560775586403906,"y":-0.9735981225967407,"z":-0.0011602211743593217,"w":-0.22836528718471528},"size":0.6416233777999878,"orthographic":false}