{"cameraMode":{"drawMode":0,"name":"Shaded","section":"Shading Mode"},"sceneLighting":false,"audioPlay":false,"sceneViewState":{"m_AlwaysRefresh":false,"showFog":true,"showSkybox":false,"showFlares":true,"showImageEffects":true,"showParticleSystems":true,"showVisualEffectGraphs":true,"m_FxEnabled":true},"in2DMode":false,"pivot":{"x":0.0008023679256439209,"y":-0.000047832727432250977,"z":0.0007252395153045654},"rotation":{"x":0.04748865216970444,"y":-0.18146458268165589,"z":0.008767500519752503,"w":0.9822157621383667},"size":0.7923056483268738,"orthographic":false}